all,lt5,lt10,lt20,gte20,sd,skewness,metric,mode
1.5681809008203444,0.309021756587962,0.387124446118735,0.5024847089148105,62.4756489428438,16.694880566154556,25.69760137909822,epe,2DRawFlow
0.4968636869194134,0.5014931690064336,0.4967141185116227,0.4949352245636218,0.6070806138426823,0.566067407307213,1.5557139663762931,ae,2DRawFlow
